<?xml version="1.0" encoding="UTF-8"?>
<beans xmlns="http://www.springframework.org/schema/beans"
    xmlns:context="http://www.springframework.org/schema/context"
    xmlns:aop="http://www.springframework.org/schema/aop"
    xmlns:mvc="http://www.springframework.org/schema/mvc"
    xmlns:task="http://www.springframework.org/schema/task"
    xmlns:p="http://www.springframework.org/schema/p"
    xmlns:xsi="http://www.w3.org/2001/XMLSchema-instance"
    xsi:schemaLocation="http://www.springframework.org/schema/beans
        http://www.springframework.org/schema/beans/spring-beans.xsd
        http://www.springframework.org/schema/context
        http://www.springframework.org/schema/context/spring-context.xsd
        http://www.springframework.org/schema/aop
        http://www.springframework.org/schema/aop/spring-aop.xsd
        http://www.springframework.org/schema/mvc
        http://www.springframework.org/schema/mvc/spring-mvc.xsd
        http://www.springframework.org/schema/task
        http://www.springframework.org/schema/task/spring-task.xsd">
  
  <context:component-scan base-package="bitcamp.app2"/>
  
  <!-- @MatrixVariable 애노테이션을 활성화시키기 -->
  <mvc:annotation-driven enable-matrix-variables="true"/>
  
  <!-- 기존의 뷰 리졸버를 대체한다. -->
  <bean id="viewResolver" class="org.springframework.web.servlet.view.InternalResourceViewResolver">
    <property name="viewClass" value="org.springframework.web.servlet.view.JstlView"/>
    <property name="prefix" value="/WEB-INF/jsp2/"/>
    <property name="suffix" value=".jsp"/>
  </bean>
  
  <!-- 인터셉터 배치하기 -->
  <mvc:interceptors>
  
    <!-- 이 프론트 컨트롤러의 모든 요청에 대해 인터셉터를 적용하고 싶다면 
         그냥 <bean> 태그를 선언한다. -->
    <bean class="bitcamp.app2.Controller04_1_Interceptor3"/>
   
    <!-- 특정 URL을 요청했을 때 실행될 인터셉터 배치하기 -->
    <mvc:interceptor>
    
      <!-- URL의 기준은 프론트 컨트롤러이다. 
           /c04_1/* => /c04_1/ 바로 밑에 있는 URL에 대해서만 적용된다.
           /c04_1/** => /c04_1/ 의 모든 하위 URL에 대해서 적용된다.-->
      <mvc:mapping path="/c04_1/**"/> 
      <bean class="bitcamp.app2.Controller04_1_Interceptor1"/>
    </mvc:interceptor>
    
    <mvc:interceptor>
      <mvc:mapping path="/c04_1/a/*"/> <!-- URL의 기준은 프론트 컨트롤러이다. -->
      <bean class="bitcamp.app2.Controller04_1_Interceptor2"/>
    </mvc:interceptor>
    
    <mvc:interceptor>
      <mvc:mapping path="/c04_1/**"/> 
      
      <!-- 특정 URL은 제외하기 -->
      <mvc:exclude-mapping path="/c04_1/a/**"/>
      
      <bean class="bitcamp.app2.Controller04_1_Interceptor4"/>
    </mvc:interceptor>
    
  </mvc:interceptors>
  
  <!-- @Scheduled 애노테이션을 처리하는 객체 등록하기 -->
  <task:annotation-driven/>
  
</beans>

















